[
  {
    "company": "北京百星人寿",
    "table1": {
      "bxhthm": "P000000088888888",
      "bxhtsxr": "2017年05月13日",
      "pay": "年交",
      "people1": { 
        "name": "杨**英",
        "age": "48周岁",
        "sex": "女",
        "id": "8888888888888888",
        "birth": "1979年01月18日"
      },
      "people2": { 
        "name": "杨**月",
        "age": "45周岁",
        "sex": "女",
        "id": "8888888888888888",
        "birth": "1973年08月18日"
      },
      "tip": "每年05月13日为本保单的当期保险费支付日，请您按时交纳保险费。(如当月无此日期，则默认为当月最后一天)"
     },
     "table2": {
      "item0": { 
        "name": "百星安康宝年金保 险",
        "jbmony": "50,000元",
        "mqmony": "193,915元",
        "id": "8888888888888888",
        "date1": "1979年01月18日",
        "date2": "1979年01月18日",
        "promise": "产品其他约定"
      },
      "item1": { 
        "name": "百星安康宝年金保 险",
        "jbmony": "50,000元",
        "mqmony": "193,915元",
        "id": "8888888888888888",
        "date1": "1979年01月18日",
        "date2": "1979年01月18日",
        "promise": "产品其他约定"
      },
      "tip":"个人账户价值变化情况，请与本公司联系(全国统一客服热线:400-610-5058)"
     },
     "table3": {
      "item0": { 
        "order": "1",
        "name": "kk",
        "id": "8888888888888888",
        "relate": "啦啦啦",
        "promise": "产品其他约定"
      },
      "item1": { 
        "order": "2",
        "name": "kkja",
        "id": "8888888888888888",
        "relate": "略略略",
        "promise": "产品其他约定"
      },
      "tip":"本电子保单或电子保单下载链接发出之日视为客户的保单签收日，自客户签收合同当日二十四 时起15个自然日内为犹豫期。(如各地监管部门对犹豫期有特殊规定的，从其规定) 签收日期:2017年05月13日 关于犹豫期，特此提示:您在收到保险合同后15个自然日内有全额退保(扣除不超过10元工本费)的权 利。超过15个自然日退保有损失。"
     },
     "tableLeft": { 
       "item0": {
         "year": 1,
         "age": 44,
         "xmoney": "73,775元",
         "bmoney": "53,000元",
         "fit": "不适用"
       },
       "item1": {
        "year": 2,
        "age": 44,
        "xmoney": "73,775元",
        "bmoney": "53,000元",
        "fit": "不适用"
      },"item2": {
        "year": 3,
        "age": 45,
        "xmoney": "73,775元",
        "bmoney": "53,000元",
        "fit": "不适用"
      },
      "item3": {
        "year": 4,
        "age": 46,
        "xmoney": "73,775元",
        "bmoney": "53,000元",
        "fit": "不适用"
      },
      "item4": {
        "year": 5,
        "age": 44,
        "xmoney": "73,775元",
        "bmoney": "53,000元",
        "fit": "不适用"
      },
      "item5": {
        "year": 6,
        "age": 64,
        "xmoney": "73,775元",
        "bmoney": "53,000元",
        "fit": "不适用"
      },
      "item6": {
        "year": 7,
        "age": 44,
        "xmoney": "73,775元",
        "bmoney": "53,000元",
        "fit": "不适用"
      },
      "item7": {
        "year": 1,
        "age": 44,
        "xmoney": "73,775元",
        "bmoney": "53,000元",
        "fit": "不适用"
      },
      "item9": {
        "year": 1,
        "age": 44,
        "xmoney": "73,775元",
        "bmoney": "53,000元",
        "fit": "不适用"
      },
      "item10": {
        "year": 1,
        "age": 44,
        "xmoney": "73,775元",
        "bmoney": "53,000元",
        "fit": "不适用"
      },
      "item11": {
        "year": 1,
        "age": 34,
        "xmoney": "73,775元",
        "bmoney": "53,000元",
        "fit": "不适用"
      }

     },
     "tableRight": { 
       "item0": {
         "year": 18,
         "age": 44,
         "xmoney": "73,775元",
         "bmoney": "53,000元",
         "fit": "不适用"
       },
       "item1": {
        "year": 19,
        "age": 44,
        "xmoney": "73,775元",
        "bmoney": "53,000元",
        "fit": "不适用"
      },
      "item2": {
        "year": 20,
        "age": 45,
        "xmoney": "73,775元",
        "bmoney": "53,000元",
        "fit": "不适用"
      },
      "item3": {
        "year": 21,
        "age": 46,
        "xmoney": "73,775元",
        "bmoney": "53,000元",
        "fit": "不适用"
      },
      "item4": {
        "year": 22,
        "age": 44,
        "xmoney": "73,775元",
        "bmoney": "53,000元",
        "fit": "不适用"
      },
      "item5": {
        "year": 23,
        "age": 64,
        "xmoney": "73,775元",
        "bmoney": "53,000元",
        "fit": "不适用"
      },
      "item6": {
        "year": 24,
        "age": 44,
        "xmoney": "73,775元",
        "bmoney": "53,000元",
        "fit": "不适用"
      },
      "item7": {
        "year": 25,
        "age": 44,
        "xmoney": "73,775元",
        "bmoney": "53,000元",
        "fit": "不适用"
      },
      "item9": {
        "year": 26,
        "age": 44,
        "xmoney": "73,775元",
        "bmoney": "53,000元",
        "fit": "不适用"
      },
      "item10": {
        "year": 27,
        "age": 44,
        "xmoney": "73,775元",
        "bmoney": "53,000元",
        "fit": "不适用"
      },
      "item11": {
        "year": 28,
        "age": 34,
        "xmoney": "73,775元",
        "bmoney": "53,000元",
        "fit": "不适用"
      }
     },
     "tip": "保证价值表中所列保险年度末现金价值为本保险合同在每一保险年度最后一天的现金价值，是本公司按照中国保险监督管理委员会的有关规定计算确定的，其他时间的现金价值将在该时间所在保险年度对应的“保险年度末现金价值”的基础上另行计算。"
     
  }
]
