[
  {
    "title": "新契约电话回访提示函",
    "greet": "尊敬的客户:",
    "tiaoxma": "P000000088888888",
    "CHILDREN": {
      "text1": "您好!",
      "text2": "非常感谢您购买百星人寿保险股份有限公司的保险产品。为了更好地维护您的权益以及日后给您提供 更好的服务，在您购买保险产品后,我公司电话中心客服人员会为您提供电话回访服务，回访安排如下:",
      "text3": "一.回访时间:周一至周日9:00-20:30",
      "text4": "二.回访电话:010 - 63436699",
      "text5":"三.回访内容:",
      "text6": "1.确认受访人是否为投保人本人;",
      "text7": "2.确认您是否已收到保险合同;",
      "text8": "3.确认您和被保险人(或其法定监护人)是否在相关投保资料上亲笔签名;",
      "text9": "4.确认您是否了解所购买保险产品的保险期间、交费金额、交费方式及交费期间;",
      "text10": "5.确认您是否阅读并理解保险条款、产品说明书及投保提示书内容;",
      "text11": "6.确认您是否阅读并理解保险责任及责任免除;",
      "text12": "7.确认您是否知悉犹豫期的起算时间、天数以及犹豫期享有的权利;",
      "text13": "8.确认您是否知悉退保可能产生的损失;",
      "text14": "9.分红型险种:确认您是否了解宣传材料上的利益演示是基于公司精算假设，保单的红利分配是不确定的。",
      "text15": "万能型险种:确认您是否了解各项费用的扣除比例或金额;并提示超过最低保证利率以上的收益是不确定的，取决于公司的实际经营状况。",
      "text16": "投连型险种:确认您是否了解各项费用的扣除比例或金额及投资帐户价值的计算方法;并提示投资回报是不确定的，投保人需承担相应风险，实际收益可能盈利或亏损。宣传材料上的利益演示仅基于假定的投资收益，不代表未来的实际收益。",
      "text17": "非常感谢您购买我们的保险产品，为了保证您能及时接受我们的回访服务，保单承保后的一个月内请 您保持联系电话畅通。如有任何问题均可拨打我司客服电话400-610-5058，衷心祝福您和家人幸福安康!;"
    }
  }
]